<?xml version="1.0" encoding="UTF-8"?>
<beans xmlns="http://www.springframework.org/schema/beans"
xmlns:xsi="http://www.w3.org/2001/XMLSchema-instance" xmlns:context="http://www.springframework.org/schema/context"
xmlns:mvc="http://www.springframework.org/schema/mvc"
xsi:schemaLocation="http://www.springframework.org/schema/beans
http://www.springframework.org/schema/beans/spring-beans.xsd
http://www.springframework.org/schema/context
http://www.springframework.org/schema/context/spring-context.xsd
http://www.springframework.org/schema/mvc
http://www.springframework.org/schema/mvc/spring-mvc.xsd">



  <!--  <mvc:annotation-driven/>   -->
<context:component-scan base-package="com.pack"/>
     <!--  <mvc:resources mapping="/resources/*" location="/resources/"/>
-->
<bean id="viewResolver"
class="org.springframework.web.servlet.view.InternalResourceViewResolver">

<property name="prefix">
  <value>/WEB-INF/views/</value>
</property>
<property name="suffix">
<value>.jsp</value>
</property>
</bean>

<bean id="dataSource"
       class="org.springframework.jdbc.datasource.DriverManagerDataSource">
    <property name="driverClassName" value="com.mysql.jdbc.Driver"/>
    <property name="url" value="jdbc:mysql://localhost:3306/sample1"/>
    <property name="username" value="root"/>
    <property name="password" value="blackpink"/>
   
   
   
</bean>



<bean id="sessionFactory"
 class="org.springframework.orm.hibernate5.LocalSessionFactoryBean">
<property name="dataSource" ref="dataSource"/>
<property name="packagesToScan" value="com.pack.model"/>

<property name="hibernateProperties">
<value>org.hibernate.dialect.MySQLDialect</value>
</property>

</bean>

  <bean name="userDao"  class="com.pack.dao.UserDao" />

<bean name="userService"  class="com.pack.service.UserService" />  
</beans>
